mean_fit_time,std_fit_time,mean_score_time,std_score_time,param_max_samples,param_min_impurity_decrease,param_min_samples_leaf,param_min_samples_split,param_n_estimators,params,mean_test_max_error,std_test_max_error,rank_test_max_error,mean_test_neg_mean_absolute_percentage_error,std_test_neg_mean_absolute_percentage_error,rank_test_neg_mean_absolute_percentage_error,mean_test_neg_mean_absolute_error,std_test_neg_mean_absolute_error,rank_test_neg_mean_absolute_error,mean_test_neg_mean_squared_error,std_test_neg_mean_squared_error,rank_test_neg_mean_squared_error,mean_test_explained_variance,std_test_explained_variance,rank_test_explained_variance,mean_test_r2,std_test_r2,rank_test_r2,test_set_r2,rank_test_set_r2,n_features,features
284.8191427,3.173984681,2.427987337,0.043319363,0.7,0,3,8,140,"{'max_samples': 0.7, 'min_impurity_decrease': 0, 'min_samples_leaf': 3, 'min_samples_split': 8, 'n_estimators': 140}",-27.36893641,6.184832987,28,-0.044122386,0.000537743,16,-0.204584948,0.001975722,16,-0.500599014,0.022492694,1,0.752565059,0.007265868,1,0.752545972,0.00726125,1,0.752827376,1,6,"['STATEFP', 'NPP_g_m-2_1m_lag', 'month', 'months_from_start', 'popuDensity_ALAND_km2', 'GEOID']"
286.8483422,7.204542255,2.493102431,0.044037028,0.7,0,3,2,140,"{'max_samples': 0.7, 'min_impurity_decrease': 0, 'min_samples_leaf': 3, 'min_samples_split': 2, 'n_estimators': 140}",-27.36798684,6.186070684,25,-0.043993358,0.000538928,13,-0.2041344,0.001962786,13,-0.500635116,0.02260257,2,0.752549313,0.007326493,2,0.752528759,0.007321479,2,0.752581466,6,6,"['STATEFP', 'NPP_g_m-2_1m_lag', 'month', 'months_from_start', 'popuDensity_ALAND_km2', 'GEOID']"
287.044432,4.527146025,2.516305304,0.062180465,0.7,0,3,4,140,"{'max_samples': 0.7, 'min_impurity_decrease': 0, 'min_samples_leaf': 3, 'min_samples_split': 4, 'n_estimators': 140}",-27.36798684,6.186070684,25,-0.043993358,0.000538928,13,-0.2041344,0.001962786,13,-0.500635116,0.02260257,2,0.752549313,0.007326493,2,0.752528759,0.007321479,2,0.752581466,6,6,"['STATEFP', 'NPP_g_m-2_1m_lag', 'month', 'months_from_start', 'popuDensity_ALAND_km2', 'GEOID']"
287.1032322,5.419632905,2.493654037,0.028688007,0.7,0,3,6,140,"{'max_samples': 0.7, 'min_impurity_decrease': 0, 'min_samples_leaf': 3, 'min_samples_split': 6, 'n_estimators': 140}",-27.36798684,6.186070684,25,-0.043993358,0.000538928,13,-0.2041344,0.001962786,13,-0.500635116,0.02260257,2,0.752549313,0.007326493,2,0.752528759,0.007321479,2,0.752581466,6,6,"['STATEFP', 'NPP_g_m-2_1m_lag', 'month', 'months_from_start', 'popuDensity_ALAND_km2', 'GEOID']"
323.3952468,1.386901036,2.434592032,0.057168217,0.8,0,3,9,140,"{'max_samples': 0.8, 'min_impurity_decrease': 0, 'min_samples_leaf': 3, 'min_samples_split': 9, 'n_estimators': 140}",-27.36045944,6.177314246,37,-0.043590465,0.000536393,28,-0.202514831,0.001924512,28,-0.500812179,0.022184312,1,0.752454693,0.007173012,1,0.7524362,0.007169314,1,0.753006587,9,6,"['STATEFP', 'NPP_g_m-2_1m_lag', 'month', 'months_from_start', 'popuDensity_ALAND_km2', 'GEOID']"
324.1445545,2.102317839,2.450418067,0.041955012,0.8,0,3,8,140,"{'max_samples': 0.8, 'min_impurity_decrease': 0, 'min_samples_leaf': 3, 'min_samples_split': 8, 'n_estimators': 140}",-27.35676066,6.176288291,31,-0.043482888,0.000531182,26,-0.202124338,0.001914191,25,-0.500854242,0.02231883,2,0.752435171,0.007251103,2,0.752415975,0.007247411,2,0.752855373,13,6,"['STATEFP', 'NPP_g_m-2_1m_lag', 'month', 'months_from_start', 'popuDensity_ALAND_km2', 'GEOID']"
323.5881637,1.824036372,2.415204406,0.050893324,0.8,0,3,10,140,"{'max_samples': 0.8, 'min_impurity_decrease': 0, 'min_samples_leaf': 3, 'min_samples_split': 10, 'n_estimators': 140}",-27.35630027,6.174348999,29,-0.043720217,0.000526566,30,-0.202999645,0.001904594,30,-0.500931548,0.022249262,3,0.75239629,0.007172582,3,0.752378558,0.007169026,3,0.753019636,8,6,"['STATEFP', 'NPP_g_m-2_1m_lag', 'month', 'months_from_start', 'popuDensity_ALAND_km2', 'GEOID']"
282.9218035,5.309713216,2.820402861,0.101907898,0.6,0,3,7,140,"{'max_samples': 0.6, 'min_impurity_decrease': 0, 'min_samples_leaf': 3, 'min_samples_split': 7, 'n_estimators': 140}",-27.3653009,6.191329556,44,-0.044881644,0.000550756,47,-0.207612741,0.002023029,47,-0.500998741,0.022270911,4,0.752366247,0.007113706,4,0.752347605,0.00710952,4,0.753140189,5,6,"['STATEFP', 'NPP_g_m-2_1m_lag', 'month', 'months_from_start', 'popuDensity_ALAND_km2', 'GEOID']"
324.4368389,2.017801565,2.517645383,0.074887618,0.8,0,3,7,140,"{'max_samples': 0.8, 'min_impurity_decrease': 0, 'min_samples_leaf': 3, 'min_samples_split': 7, 'n_estimators': 140}",-27.35507616,6.177077169,26,-0.043415267,0.00053181,23,-0.201883057,0.001916628,21,-0.501028978,0.022279054,5,0.75234911,0.007235254,5,0.752329067,0.007231349,5,0.752664028,20,6,"['STATEFP', 'NPP_g_m-2_1m_lag', 'month', 'months_from_start', 'popuDensity_ALAND_km2', 'GEOID']"
285.3552559,1.824758731,2.909740925,0.170556327,0.6,0,2,7,140,"{'max_samples': 0.6, 'min_impurity_decrease': 0, 'min_samples_leaf': 2, 'min_samples_split': 7, 'n_estimators': 140}",-27.36262305,6.186351372,40,-0.044152401,0.00053469,38,-0.204563952,0.002013299,38,-0.501128517,0.022376274,6,0.752311738,0.007190741,6,0.752283571,0.007185482,6,0.753206517,2,6,"['STATEFP', 'NPP_g_m-2_1m_lag', 'month', 'months_from_start', 'popuDensity_ALAND_km2', 'GEOID']"
323.8890587,1.993663362,2.40231595,0.039874444,0.8,0,3,11,140,"{'max_samples': 0.8, 'min_impurity_decrease': 0, 'min_samples_leaf': 3, 'min_samples_split': 11, 'n_estimators': 140}",-27.35893199,6.176928126,33,-0.04387839,0.000523101,35,-0.203600183,0.001882532,34,-0.501186479,0.022140319,7,0.752269197,0.007104251,7,0.752252018,0.007100723,7,0.753002705,10,6,"['STATEFP', 'NPP_g_m-2_1m_lag', 'month', 'months_from_start', 'popuDensity_ALAND_km2', 'GEOID']"
278.2940187,8.944791291,2.521461916,0.058701126,0.6,0,3,8,140,"{'max_samples': 0.6, 'min_impurity_decrease': 0, 'min_samples_leaf': 3, 'min_samples_split': 8, 'n_estimators': 140}",-27.37060702,6.194015433,48,-0.044988093,0.000542421,49,-0.207999247,0.001990748,49,-0.501247634,0.022259634,8,0.752242697,0.007093785,8,0.752224796,0.007089638,8,0.753169606,4,6,"['STATEFP', 'NPP_g_m-2_1m_lag', 'month', 'months_from_start', 'popuDensity_ALAND_km2', 'GEOID']"
284.3239606,6.859557277,2.970230746,0.149512095,0.6,0,2,8,140,"{'max_samples': 0.6, 'min_impurity_decrease': 0, 'min_samples_leaf': 2, 'min_samples_split': 8, 'n_estimators': 140}",-27.36463319,6.18779252,43,-0.044316112,0.000534895,41,-0.205176037,0.002005135,39,-0.501283457,0.022414988,9,0.752234739,0.007193321,9,0.752207691,0.007188354,9,0.75320418,3,6,"['STATEFP', 'NPP_g_m-2_1m_lag', 'month', 'months_from_start', 'popuDensity_ALAND_km2', 'GEOID']"
295.3121018,1.442203504,2.417050052,0.057117801,0.7,0,2,9,140,"{'max_samples': 0.7, 'min_impurity_decrease': 0, 'min_samples_leaf': 2, 'min_samples_split': 9, 'n_estimators': 140}",-27.36269124,6.178419269,41,-0.043650387,0.000537681,29,-0.202564087,0.002045685,29,-0.501304224,0.022222722,10,0.752220916,0.007136795,10,0.752194844,0.007130645,10,0.752585967,22,6,"['STATEFP', 'NPP_g_m-2_1m_lag', 'month', 'months_from_start', 'popuDensity_ALAND_km2', 'GEOID']"
349.3965915,2.536520936,2.401025629,0.031053383,0.9,0,4,9,140,"{'max_samples': 0.9, 'min_impurity_decrease': 0, 'min_samples_leaf': 4, 'min_samples_split': 9, 'n_estimators': 140}",-27.34143334,6.175046861,6,-0.043802289,0.000519958,32,-0.203537482,0.001908783,33,-0.501319207,0.022160184,11,0.752201679,0.00709356,11,0.752187133,0.007090041,11,0.752813011,15,6,"['STATEFP', 'NPP_g_m-2_1m_lag', 'month', 'months_from_start', 'popuDensity_ALAND_km2', 'GEOID']"
349.0683443,2.710595505,2.367987585,0.056168254,0.9,0,4,10,140,"{'max_samples': 0.9, 'min_impurity_decrease': 0, 'min_samples_leaf': 4, 'min_samples_split': 10, 'n_estimators': 140}",-27.34374274,6.175132506,8,-0.043873195,0.000519186,34,-0.203796556,0.001902868,35,-0.501367274,0.022124002,12,0.75217735,0.007065924,12,0.752163347,0.007062496,12,0.752838418,14,6,"['STATEFP', 'NPP_g_m-2_1m_lag', 'month', 'months_from_start', 'popuDensity_ALAND_km2', 'GEOID']"
296.1507848,1.493445685,2.531084967,0.076555692,0.7,0,2,7,140,"{'max_samples': 0.7, 'min_impurity_decrease': 0, 'min_samples_leaf': 2, 'min_samples_split': 7, 'n_estimators': 140}",-27.35587515,6.175960795,27,-0.043346235,0.000542847,19,-0.201437087,0.002080875,19,-0.501398939,0.022247719,13,0.752175247,0.007189727,13,0.752146964,0.007183347,13,0.752408435,32,6,"['STATEFP', 'NPP_g_m-2_1m_lag', 'month', 'months_from_start', 'popuDensity_ALAND_km2', 'GEOID']"
321.8979452,3.046447008,2.413360357,0.066506117,0.8,0,4,9,140,"{'max_samples': 0.8, 'min_impurity_decrease': 0, 'min_samples_leaf': 4, 'min_samples_split': 9, 'n_estimators': 140}",-27.36245976,6.179012344,39,-0.044342187,0.000537343,42,-0.205600671,0.001926067,42,-0.501403106,0.022107357,14,0.752159192,0.007083743,14,0.752144744,0.007080642,14,0.752556852,23,6,"['STATEFP', 'NPP_g_m-2_1m_lag', 'month', 'months_from_start', 'popuDensity_ALAND_km2', 'GEOID']"
350.157996,1.455188483,2.430087209,0.056459958,0.9,0,4,7,140,"{'max_samples': 0.9, 'min_impurity_decrease': 0, 'min_samples_leaf': 4, 'min_samples_split': 7, 'n_estimators': 140}",-27.34462308,6.177580958,10,-0.043770701,0.00052715,31,-0.203445943,0.001928062,32,-0.501460198,0.022149497,15,0.752132149,0.007097833,15,0.752116989,0.007094091,15,0.752719204,18,6,"['STATEFP', 'NPP_g_m-2_1m_lag', 'month', 'months_from_start', 'popuDensity_ALAND_km2', 'GEOID']"
322.5358201,1.073051334,2.443345809,0.08248442,0.8,0,4,7,140,"{'max_samples': 0.8, 'min_impurity_decrease': 0, 'min_samples_leaf': 4, 'min_samples_split': 7, 'n_estimators': 140}",-27.35915102,6.179580353,34,-0.04429882,0.000538605,39,-0.205462243,0.001933473,40,-0.50146503,0.022119672,16,0.752129108,0.007090483,16,0.752114201,0.007087142,16,0.75249352,26,6,"['STATEFP', 'NPP_g_m-2_1m_lag', 'month', 'months_from_start', 'popuDensity_ALAND_km2', 'GEOID']"
324.7509622,3.370846945,2.452700734,0.069565367,0.8,0,4,8,140,"{'max_samples': 0.8, 'min_impurity_decrease': 0, 'min_samples_leaf': 4, 'min_samples_split': 8, 'n_estimators': 140}",-27.35915102,6.179580353,34,-0.04429882,0.000538605,39,-0.205462243,0.001933473,40,-0.50146503,0.022119672,16,0.752129108,0.007090483,16,0.752114201,0.007087142,16,0.75249352,26,6,"['STATEFP', 'NPP_g_m-2_1m_lag', 'month', 'months_from_start', 'popuDensity_ALAND_km2', 'GEOID']"
337.6392407,15.86543637,2.143279648,0.303502457,0.9,0,4,11,140,"{'max_samples': 0.9, 'min_impurity_decrease': 0, 'min_samples_leaf': 4, 'min_samples_split': 11, 'n_estimators': 140}",-27.34607484,6.176877744,12,-0.04397312,0.000516512,36,-0.204164561,0.001894901,37,-0.501489502,0.02204673,18,0.75211605,0.007017216,18,0.752102592,0.007013789,18,0.752774823,16,6,"['STATEFP', 'NPP_g_m-2_1m_lag', 'month', 'months_from_start', 'popuDensity_ALAND_km2', 'GEOID']"
342.1470232,7.961460828,2.534350204,0.058447882,0.9,0,3,8,140,"{'max_samples': 0.9, 'min_impurity_decrease': 0, 'min_samples_leaf': 3, 'min_samples_split': 8, 'n_estimators': 140}",-27.34273685,6.170926539,1,-0.042990426,0.000520315,8,-0.200276335,0.001940228,9,-0.501501846,0.022352469,5,0.752115153,0.007259872,5,0.752095973,0.007255472,5,0.752647593,2,6,"['STATEFP', 'NPP_g_m-2_1m_lag', 'month', 'months_from_start', 'popuDensity_ALAND_km2', 'GEOID']"
321.9144123,1.928295502,2.347275329,0.044845058,0.8,0,4,10,140,"{'max_samples': 0.8, 'min_impurity_decrease': 0, 'min_samples_leaf': 4, 'min_samples_split': 10, 'n_estimators': 140}",-27.35993897,6.181108644,36,-0.044425758,0.000531392,43,-0.205907782,0.001906824,43,-0.501540522,0.022065192,19,0.752091036,0.007042389,19,0.752077038,0.007039232,19,0.752548898,24,6,"['STATEFP', 'NPP_g_m-2_1m_lag', 'month', 'months_from_start', 'popuDensity_ALAND_km2', 'GEOID']"
292.599311,20.56977449,3.017135787,0.513330984,0.6,0,3,9,140,"{'max_samples': 0.6, 'min_impurity_decrease': 0, 'min_samples_leaf': 3, 'min_samples_split': 9, 'n_estimators': 140}",-27.37128622,6.196146094,50,-0.045140293,0.000540048,52,-0.208572292,0.001973531,52,-0.501566017,0.022248694,20,0.75208518,0.007069596,20,0.752067705,0.007065341,20,0.753063005,7,6,"['STATEFP', 'NPP_g_m-2_1m_lag', 'month', 'months_from_start', 'popuDensity_ALAND_km2', 'GEOID']"
294.6713451,1.987028807,2.376949668,0.035049265,0.7,0,2,10,140,"{'max_samples': 0.7, 'min_impurity_decrease': 0, 'min_samples_leaf': 2, 'min_samples_split': 10, 'n_estimators': 140}",-27.3674311,6.18210803,45,-0.043849786,0.000538419,33,-0.203326474,0.002022071,31,-0.501603683,0.02220965,21,0.752072267,0.00710931,21,0.752047105,0.007103414,21,0.752686505,19,6,"['STATEFP', 'NPP_g_m-2_1m_lag', 'month', 'months_from_start', 'popuDensity_ALAND_km2', 'GEOID']"
279.0765857,2.604444987,2.806617188,0.061267342,0.6,0,2,9,140,"{'max_samples': 0.6, 'min_impurity_decrease': 0, 'min_samples_leaf': 2, 'min_samples_split': 9, 'n_estimators': 140}",-27.36984747,6.189750987,47,-0.044517974,0.000532038,44,-0.205956676,0.001981292,44,-0.501640324,0.022405301,22,0.752058061,0.007157749,22,0.752031923,0.007152466,22,0.753234588,1,6,"['STATEFP', 'NPP_g_m-2_1m_lag', 'month', 'months_from_start', 'popuDensity_ALAND_km2', 'GEOID']"
373.7779735,3.039028339,2.406316948,0.060666451,1,0,4,11,140,"{'max_samples': None, 'min_impurity_decrease': 0, 'min_samples_leaf': 4, 'min_samples_split': 11, 'n_estimators': 140}",-27.33919999,6.172513322,1,-0.043554854,0.000527483,27,-0.202509495,0.001947029,27,-0.501780363,0.022107625,23,0.751973137,0.007046763,23,0.751959107,0.007043039,23,0.752372667,33,6,"['STATEFP', 'NPP_g_m-2_1m_lag', 'month', 'months_from_start', 'popuDensity_ALAND_km2', 'GEOID']"
321.9283278,2.115960443,2.386470342,0.096619397,0.8,0,4,11,140,"{'max_samples': 0.8, 'min_impurity_decrease': 0, 'min_samples_leaf': 4, 'min_samples_split': 11, 'n_estimators': 140}",-27.36129608,6.179261427,38,-0.044536703,0.000528011,45,-0.206318509,0.001883977,45,-0.501799106,0.02202036,24,0.751962927,0.006998236,24,0.751949363,0.006995123,24,0.752491259,28,6,"['STATEFP', 'NPP_g_m-2_1m_lag', 'month', 'months_from_start', 'popuDensity_ALAND_km2', 'GEOID']"
373.6651045,2.253909474,2.467853332,0.059447287,1,0,4,10,140,"{'max_samples': None, 'min_impurity_decrease': 0, 'min_samples_leaf': 4, 'min_samples_split': 10, 'n_estimators': 140}",-27.34072158,6.173385805,5,-0.043468687,0.000535183,25,-0.202195932,0.001955352,26,-0.501801649,0.022070384,25,0.751962894,0.007033103,25,0.751948132,0.007029255,25,0.752336451,34,6,"['STATEFP', 'NPP_g_m-2_1m_lag', 'month', 'months_from_start', 'popuDensity_ALAND_km2', 'GEOID']"
373.8359795,2.446164308,2.47250495,0.077094844,1,0,4,9,140,"{'max_samples': None, 'min_impurity_decrease': 0, 'min_samples_leaf': 4, 'min_samples_split': 9, 'n_estimators': 140}",-27.33972973,6.173332944,4,-0.043402877,0.000538513,22,-0.201967213,0.001981637,24,-0.501875397,0.022060041,26,0.751926264,0.007043533,26,0.751911107,0.007039571,26,0.7521163,39,6,"['STATEFP', 'NPP_g_m-2_1m_lag', 'month', 'months_from_start', 'popuDensity_ALAND_km2', 'GEOID']"
375.3231194,2.476810976,2.4953228,0.059224474,1,0,3,11,140,"{'max_samples': None, 'min_impurity_decrease': 0, 'min_samples_leaf': 3, 'min_samples_split': 11, 'n_estimators': 140}",-27.34422489,6.167259015,9,-0.042967625,0.000535418,16,-0.200089857,0.001994264,16,-0.50189338,0.02216153,27,0.751919312,0.007138987,27,0.751901597,0.007134452,27,0.752462613,30,6,"['STATEFP', 'NPP_g_m-2_1m_lag', 'month', 'months_from_start', 'popuDensity_ALAND_km2', 'GEOID']"
293.3184004,2.03823381,2.366606569,0.050852437,0.7,0,4,7,140,"{'max_samples': 0.7, 'min_impurity_decrease': 0, 'min_samples_leaf': 4, 'min_samples_split': 7, 'n_estimators': 140}",-27.37240548,6.185009623,51,-0.045012218,0.000531538,50,-0.208223628,0.001938199,50,-0.501931784,0.022266742,28,0.751901231,0.007094889,29,0.751886344,0.00709087,28,0.752158242,36,6,"['STATEFP', 'NPP_g_m-2_1m_lag', 'month', 'months_from_start', 'popuDensity_ALAND_km2', 'GEOID']"
294.6286193,1.91969774,2.369970226,0.044427561,0.7,0,2,11,140,"{'max_samples': 0.7, 'min_impurity_decrease': 0, 'min_samples_leaf': 2, 'min_samples_split': 11, 'n_estimators': 140}",-27.36388595,6.182453872,42,-0.044070513,0.000533195,37,-0.204162572,0.002012681,36,-0.501932186,0.022254975,29,0.751909572,0.007118621,28,0.751885266,0.00711281,29,0.752758601,17,6,"['STATEFP', 'NPP_g_m-2_1m_lag', 'month', 'months_from_start', 'popuDensity_ALAND_km2', 'GEOID']"
292.6388112,1.263072911,2.351108861,0.076185658,0.7,0,4,9,140,"{'max_samples': 0.7, 'min_impurity_decrease': 0, 'min_samples_leaf': 4, 'min_samples_split': 9, 'n_estimators': 140}",-27.37333378,6.185820913,52,-0.04506462,0.000523374,51,-0.208401567,0.001906898,51,-0.501991546,0.022336093,30,0.751871982,0.007116362,30,0.751857669,0.007112474,30,0.752152234,38,6,"['STATEFP', 'NPP_g_m-2_1m_lag', 'month', 'months_from_start', 'popuDensity_ALAND_km2', 'GEOID']"
374.4023066,1.725000325,2.486881447,0.062038997,1,0,4,7,140,"{'max_samples': None, 'min_impurity_decrease': 0, 'min_samples_leaf': 4, 'min_samples_split': 7, 'n_estimators': 140}",-27.33949194,6.172966833,2,-0.043380688,0.000542102,20,-0.20190253,0.00198879,22,-0.502006592,0.022060188,31,0.751861631,0.007058591,31,0.751845743,0.007054562,31,0.752050775,44,6,"['STATEFP', 'NPP_g_m-2_1m_lag', 'month', 'months_from_start', 'popuDensity_ALAND_km2', 'GEOID']"
377.3401998,2.231492643,2.558686924,0.085257064,1,0,4,8,140,"{'max_samples': None, 'min_impurity_decrease': 0, 'min_samples_leaf': 4, 'min_samples_split': 8, 'n_estimators': 140}",-27.33949194,6.172966833,2,-0.043380688,0.000542102,20,-0.20190253,0.00198879,22,-0.502006592,0.022060188,31,0.751861631,0.007058591,31,0.751845743,0.007054562,31,0.752050775,44,6,"['STATEFP', 'NPP_g_m-2_1m_lag', 'month', 'months_from_start', 'popuDensity_ALAND_km2', 'GEOID']"
329.7885397,10.24760391,3.014967012,0.173963208,0.6,0,3,10,140,"{'max_samples': 0.6, 'min_impurity_decrease': 0, 'min_samples_leaf': 3, 'min_samples_split': 10, 'n_estimators': 140}",-27.37121652,6.196606857,49,-0.045319627,0.000535774,55,-0.209250528,0.001949689,54,-0.502037428,0.022297124,33,0.751852134,0.007077634,33,0.751835233,0.007073382,33,0.752870425,12,6,"['STATEFP', 'NPP_g_m-2_1m_lag', 'month', 'months_from_start', 'popuDensity_ALAND_km2', 'GEOID']"
375.0145687,2.433601066,2.507403874,0.1008666,1,0,3,10,140,"{'max_samples': None, 'min_impurity_decrease': 0, 'min_samples_leaf': 3, 'min_samples_split': 10, 'n_estimators': 140}",-27.34559987,6.168467867,11,-0.042847519,0.000547563,13,-0.199643127,0.002032913,13,-0.50205205,0.022104724,34,0.751841021,0.007123861,34,0.751822275,0.007119282,34,0.752436375,31,6,"['STATEFP', 'NPP_g_m-2_1m_lag', 'month', 'months_from_start', 'popuDensity_ALAND_km2', 'GEOID']"
276.6297525,0.888775951,2.653197742,0.064238678,0.6,0,2,10,140,"{'max_samples': 0.6, 'min_impurity_decrease': 0, 'min_samples_leaf': 2, 'min_samples_split': 10, 'n_estimators': 140}",-27.36975905,6.191130092,46,-0.044741013,0.000537142,46,-0.206814586,0.001999099,46,-0.502105779,0.022449383,35,0.75182715,0.007171064,35,0.751802113,0.007165956,35,0.753118504,6,6,"['STATEFP', 'NPP_g_m-2_1m_lag', 'month', 'months_from_start', 'popuDensity_ALAND_km2', 'GEOID']"
374.9236905,1.244830763,2.538476062,0.069032543,1,0,3,9,140,"{'max_samples': None, 'min_impurity_decrease': 0, 'min_samples_leaf': 3, 'min_samples_split': 9, 'n_estimators': 140}",-27.34798304,6.169598536,15,-0.042744097,0.000554695,11,-0.199262169,0.002070473,11,-0.502162035,0.022103505,36,0.751786871,0.007141793,36,0.751767284,0.007137019,36,0.752195855,35,6,"['STATEFP', 'NPP_g_m-2_1m_lag', 'month', 'months_from_start', 'popuDensity_ALAND_km2', 'GEOID']"
342.9799778,9.696055126,2.630608773,0.13019807,0.9,0,3,4,140,"{'max_samples': 0.9, 'min_impurity_decrease': 0, 'min_samples_leaf': 3, 'min_samples_split': 4, 'n_estimators': 140}",-27.34465035,6.172919088,3,-0.042927483,0.000533254,5,-0.200095007,0.001999491,5,-0.502263682,0.022327962,6,0.751738742,0.007287918,6,0.751717584,0.007283094,6,0.75207324,14,6,"['STATEFP', 'NPP_g_m-2_1m_lag', 'month', 'months_from_start', 'popuDensity_ALAND_km2', 'GEOID']"
343.9305161,9.724892784,2.587471271,0.041683389,0.9,0,3,2,140,"{'max_samples': 0.9, 'min_impurity_decrease': 0, 'min_samples_leaf': 3, 'min_samples_split': 2, 'n_estimators': 140}",-27.34465035,6.172919088,3,-0.042927483,0.000533254,5,-0.200095007,0.001999491,5,-0.502263682,0.022327962,6,0.751738742,0.007287918,6,0.751717584,0.007283094,6,0.75207324,14,6,"['STATEFP', 'NPP_g_m-2_1m_lag', 'month', 'months_from_start', 'popuDensity_ALAND_km2', 'GEOID']"
344.3170864,6.265719111,2.592717457,0.025144365,0.9,0,3,6,140,"{'max_samples': 0.9, 'min_impurity_decrease': 0, 'min_samples_leaf': 3, 'min_samples_split': 6, 'n_estimators': 140}",-27.34465035,6.172919088,3,-0.042927483,0.000533254,5,-0.200095007,0.001999491,5,-0.502263682,0.022327962,6,0.751738742,0.007287918,6,0.751717584,0.007283094,6,0.75207324,14,6,"['STATEFP', 'NPP_g_m-2_1m_lag', 'month', 'months_from_start', 'popuDensity_ALAND_km2', 'GEOID']"
292.1089367,1.496677632,2.318266559,0.058028418,0.7,0,4,10,140,"{'max_samples': 0.7, 'min_impurity_decrease': 0, 'min_samples_leaf': 4, 'min_samples_split': 10, 'n_estimators': 140}",-27.37639499,6.186788947,57,-0.045160077,0.000525416,53,-0.208755233,0.001909745,53,-0.502289051,0.022260321,37,0.751724372,0.007056652,37,0.751710505,0.007052783,37,0.752103034,40,6,"['STATEFP', 'NPP_g_m-2_1m_lag', 'month', 'months_from_start', 'popuDensity_ALAND_km2', 'GEOID']"
359.5779604,1.677204228,3.3331043,0.696312917,0.8,0,2,9,140,"{'max_samples': 0.8, 'min_impurity_decrease': 0, 'min_samples_leaf': 2, 'min_samples_split': 9, 'n_estimators': 140}",-27.35097633,6.172955334,18,-0.04306664,0.000551291,17,-0.200338568,0.00204784,17,-0.502309097,0.022087971,38,0.751720171,0.007161552,38,0.751693616,0.007156317,38,0.752157147,37,6,"['STATEFP', 'NPP_g_m-2_1m_lag', 'month', 'months_from_start', 'popuDensity_ALAND_km2', 'GEOID']"
346.6309286,21.10000599,2.591297483,0.114751456,0.8,0,2,10,140,"{'max_samples': 0.8, 'min_impurity_decrease': 0, 'min_samples_leaf': 2, 'min_samples_split': 10, 'n_estimators': 140}",-27.3528594,6.17317835,21,-0.043233734,0.000555668,18,-0.200979082,0.002068058,18,-0.502343415,0.022223726,39,0.75170358,0.007214062,39,0.751678038,0.007209104,39,0.752484211,29,6,"['STATEFP', 'NPP_g_m-2_1m_lag', 'month', 'months_from_start', 'popuDensity_ALAND_km2', 'GEOID']"
324.6394037,2.611656271,2.423042107,0.064026376,0.8,0,2,11,140,"{'max_samples': 0.8, 'min_impurity_decrease': 0, 'min_samples_leaf': 2, 'min_samples_split': 11, 'n_estimators': 140}",-27.35630513,6.176060125,30,-0.043423746,0.000548579,24,-0.201705036,0.002028891,20,-0.502489581,0.022210703,40,0.751630826,0.007183016,40,0.751606346,0.007178117,40,0.752504302,25,6,"['STATEFP', 'NPP_g_m-2_1m_lag', 'month', 'months_from_start', 'popuDensity_ALAND_km2', 'GEOID']"
376.0622051,2.226925816,2.578482461,0.129825264,1,0,3,8,140,"{'max_samples': None, 'min_impurity_decrease': 0, 'min_samples_leaf': 3, 'min_samples_split': 8, 'n_estimators': 140}",-27.34624624,6.169502645,14,-0.042673457,0.000558737,9,-0.199017947,0.002078984,9,-0.502540007,0.022070702,41,0.751600242,0.007137356,42,0.751579619,0.007132523,41,0.751942068,50,6,"['STATEFP', 'NPP_g_m-2_1m_lag', 'month', 'months_from_start', 'popuDensity_ALAND_km2', 'GEOID']"
362.9373724,10.12843531,2.932759476,0.102935344,0.8,0,2,8,140,"{'max_samples': 0.8, 'min_impurity_decrease': 0, 'min_samples_leaf': 2, 'min_samples_split': 8, 'n_estimators': 140}",-27.35340682,6.173233659,22,-0.042918329,0.000551075,15,-0.199786556,0.002068749,15,-0.502544643,0.022242436,42,0.751604948,0.007265341,41,0.751577358,0.007260195,42,0.751977409,48,6,"['STATEFP', 'NPP_g_m-2_1m_lag', 'month', 'months_from_start', 'popuDensity_ALAND_km2', 'GEOID']"
337.5815284,9.143220496,2.356589437,0.053078349,0.9,0,5,2,140,"{'max_samples': 0.9, 'min_impurity_decrease': 0, 'min_samples_leaf': 5, 'min_samples_split': 2, 'n_estimators': 140}",-27.35183402,6.177782638,9,-0.044674494,0.000525563,17,-0.207042864,0.001896815,19,-0.50259903,0.022080785,9,0.751565525,0.007013409,9,0.751554244,0.007010582,9,0.752137635,10,6,"['STATEFP', 'NPP_g_m-2_1m_lag', 'month', 'months_from_start', 'popuDensity_ALAND_km2', 'GEOID']"
338.6096619,5.995972378,2.347823501,0.043067061,0.9,0,5,6,140,"{'max_samples': 0.9, 'min_impurity_decrease': 0, 'min_samples_leaf': 5, 'min_samples_split': 6, 'n_estimators': 140}",-27.35183402,6.177782638,9,-0.044674494,0.000525563,17,-0.207042864,0.001896815,19,-0.50259903,0.022080785,9,0.751565525,0.007013409,9,0.751554244,0.007010582,9,0.752137635,10,6,"['STATEFP', 'NPP_g_m-2_1m_lag', 'month', 'months_from_start', 'popuDensity_ALAND_km2', 'GEOID']"
338.6538201,7.52075589,2.365679359,0.052683863,0.9,0,5,4,140,"{'max_samples': 0.9, 'min_impurity_decrease': 0, 'min_samples_leaf': 5, 'min_samples_split': 4, 'n_estimators': 140}",-27.35183402,6.177782638,9,-0.044674494,0.000525563,17,-0.207042864,0.001896815,19,-0.50259903,0.022080785,9,0.751565525,0.007013409,9,0.751554244,0.007010582,9,0.752137635,10,6,"['STATEFP', 'NPP_g_m-2_1m_lag', 'month', 'months_from_start', 'popuDensity_ALAND_km2', 'GEOID']"
339.6479317,7.198254631,2.370193195,0.039543717,0.9,0,5,8,140,"{'max_samples': 0.9, 'min_impurity_decrease': 0, 'min_samples_leaf': 5, 'min_samples_split': 8, 'n_estimators': 140}",-27.35183402,6.177782638,9,-0.044674494,0.000525563,17,-0.207042864,0.001896815,19,-0.50259903,0.022080785,9,0.751565525,0.007013409,9,0.751554244,0.007010582,9,0.752137635,10,6,"['STATEFP', 'NPP_g_m-2_1m_lag', 'month', 'months_from_start', 'popuDensity_ALAND_km2', 'GEOID']"
280.7960362,1.012400473,2.638384938,0.0987376,0.6,0,2,11,140,"{'max_samples': 0.6, 'min_impurity_decrease': 0, 'min_samples_leaf': 2, 'min_samples_split': 11, 'n_estimators': 140}",-27.37672833,6.193440691,58,-0.044987323,0.000534968,48,-0.207764139,0.001988751,48,-0.502668991,0.022377564,44,0.751547175,0.007122015,43,0.75152322,0.007116627,43,0.752908776,11,6,"['STATEFP', 'NPP_g_m-2_1m_lag', 'month', 'months_from_start', 'popuDensity_ALAND_km2', 'GEOID']"
291.6931921,1.468436217,2.280085754,0.057642959,0.7,0,4,11,140,"{'max_samples': 0.7, 'min_impurity_decrease': 0, 'min_samples_leaf': 4, 'min_samples_split': 11, 'n_estimators': 140}",-27.37762612,6.188722041,59,-0.045296267,0.00052914,54,-0.209260958,0.001920719,55,-0.502667344,0.022220036,43,0.751536789,0.007028659,44,0.751523218,0.007024707,44,0.752045979,46,6,"['STATEFP', 'NPP_g_m-2_1m_lag', 'month', 'months_from_start', 'popuDensity_ALAND_km2', 'GEOID']"
323.3874268,1.127160203,2.981691742,0.397033025,0.6,0,3,11,140,"{'max_samples': 0.6, 'min_impurity_decrease': 0, 'min_samples_leaf': 3, 'min_samples_split': 11, 'n_estimators': 140}",-27.37500586,6.197371462,55,-0.045530747,0.000534232,56,-0.210067379,0.001952426,56,-0.502729215,0.02225203,45,0.751509398,0.007037718,45,0.751493044,0.007033639,45,0.752621842,21,6,"['STATEFP', 'NPP_g_m-2_1m_lag', 'month', 'months_from_start', 'popuDensity_ALAND_km2', 'GEOID']"
343.0396555,1.641268325,2.771053076,0.104971186,0.8,0,2,7,140,"{'max_samples': 0.8, 'min_impurity_decrease': 0, 'min_samples_leaf': 2, 'min_samples_split': 7, 'n_estimators': 140}",-27.35368318,6.174445869,23,-0.042808913,0.000551548,12,-0.199364408,0.002075302,12,-0.502785771,0.022242275,46,0.751486475,0.00728777,46,0.751457307,0.007282487,46,0.75175567,53,6,"['STATEFP', 'NPP_g_m-2_1m_lag', 'month', 'months_from_start', 'popuDensity_ALAND_km2', 'GEOID']"
219.7916571,6.461106103,2.377266335,0.059291533,0.5,0,3,2,140,"{'max_samples': 0.5, 'min_impurity_decrease': 0, 'min_samples_leaf': 3, 'min_samples_split': 2, 'n_estimators': 140}",-27.36013982,6.195563871,15,-0.04606265,0.000532938,25,-0.212212645,0.001849126,25,-0.502809357,0.022458202,13,0.751474667,0.007114222,13,0.751455724,0.007109746,13,0.752630754,3,6,"['STATEFP', 'NPP_g_m-2_1m_lag', 'month', 'months_from_start', 'popuDensity_ALAND_km2', 'GEOID']"
220.1222213,4.590833776,2.341641593,0.051012457,0.5,0,3,6,140,"{'max_samples': 0.5, 'min_impurity_decrease': 0, 'min_samples_leaf': 3, 'min_samples_split': 6, 'n_estimators': 140}",-27.36013982,6.195563871,15,-0.04606265,0.000532938,25,-0.212212645,0.001849126,25,-0.502809357,0.022458202,13,0.751474667,0.007114222,13,0.751455724,0.007109746,13,0.752630754,3,6,"['STATEFP', 'NPP_g_m-2_1m_lag', 'month', 'months_from_start', 'popuDensity_ALAND_km2', 'GEOID']"
220.8236344,7.55092484,2.374298072,0.079962741,0.5,0,3,4,140,"{'max_samples': 0.5, 'min_impurity_decrease': 0, 'min_samples_leaf': 3, 'min_samples_split': 4, 'n_estimators': 140}",-27.36013982,6.195563871,15,-0.04606265,0.000532938,25,-0.212212645,0.001849126,25,-0.502809357,0.022458202,13,0.751474667,0.007114222,13,0.751455724,0.007109746,13,0.752630754,3,6,"['STATEFP', 'NPP_g_m-2_1m_lag', 'month', 'months_from_start', 'popuDensity_ALAND_km2', 'GEOID']"
376.0011225,2.511958494,2.581873488,0.044043263,1,0,3,7,140,"{'max_samples': None, 'min_impurity_decrease': 0, 'min_samples_leaf': 3, 'min_samples_split': 7, 'n_estimators': 140}",-27.34618304,6.171625439,13,-0.042631558,0.000558904,8,-0.198881002,0.002075234,8,-0.502970092,0.022089636,47,0.751388702,0.007145455,47,0.751366956,0.00714028,47,0.751644608,55,6,"['STATEFP', 'NPP_g_m-2_1m_lag', 'month', 'months_from_start', 'popuDensity_ALAND_km2', 'GEOID']"
229.8281813,1.279127185,2.367801142,0.077448057,0.5,0,2,9,140,"{'max_samples': 0.5, 'min_impurity_decrease': 0, 'min_samples_leaf': 2, 'min_samples_split': 9, 'n_estimators': 140}",-27.37044089,6.198925785,1,-0.045719705,0.000512096,4,-0.210605979,0.001841128,4,-0.503161172,0.022437268,1,0.751307975,0.007079799,1,0.751282197,0.007074137,1,0.752709451,1,6,"['STATEFP', 'NPP_g_m-2_1m_lag', 'month', 'months_from_start', 'popuDensity_ALAND_km2', 'GEOID']"
352.3659269,0.806073766,2.45420723,0.070564787,0.9,0,2,11,140,"{'max_samples': 0.9, 'min_impurity_decrease': 0, 'min_samples_leaf': 2, 'min_samples_split': 11, 'n_estimators': 140}",-27.34878459,6.172234653,16,-0.042892111,0.000544654,14,-0.199704818,0.002049099,14,-0.503207774,0.022300506,48,0.751274032,0.007247733,48,0.751250848,0.007242424,48,0.752066473,43,6,"['STATEFP', 'NPP_g_m-2_1m_lag', 'month', 'months_from_start', 'popuDensity_ALAND_km2', 'GEOID']"
352.8767482,2.394632189,2.462113285,0.023258299,0.9,0,2,10,140,"{'max_samples': 0.9, 'min_impurity_decrease': 0, 'min_samples_leaf': 2, 'min_samples_split': 10, 'n_estimators': 140}",-27.3492612,6.172641488,17,-0.042724075,0.000554985,10,-0.199058215,0.00209678,10,-0.503285904,0.022338328,49,0.751236596,0.007273495,49,0.751212248,0.007268095,49,0.751947251,49,6,"['STATEFP', 'NPP_g_m-2_1m_lag', 'month', 'months_from_start', 'popuDensity_ALAND_km2', 'GEOID']"
330.4310577,1.196656689,3.262036228,0.264064514,0.6,0,4,7,140,"{'max_samples': 0.6, 'min_impurity_decrease': 0, 'min_samples_leaf': 4, 'min_samples_split': 7, 'n_estimators': 140}",-27.37396895,6.189671171,53,-0.045979404,0.000529602,57,-0.212056468,0.001914582,57,-0.503422725,0.022416363,50,0.751164481,0.007129124,50,0.75115071,0.007125767,50,0.752089027,41,6,"['STATEFP', 'NPP_g_m-2_1m_lag', 'month', 'months_from_start', 'popuDensity_ALAND_km2', 'GEOID']"
339.5941823,8.407739103,3.262027144,0.225786934,0.6,0,4,8,140,"{'max_samples': 0.6, 'min_impurity_decrease': 0, 'min_samples_leaf': 4, 'min_samples_split': 8, 'n_estimators': 140}",-27.37396895,6.189671171,53,-0.045979404,0.000529602,57,-0.212056468,0.001914582,57,-0.503422725,0.022416363,50,0.751164481,0.007129124,50,0.75115071,0.007125767,50,0.752089027,41,6,"['STATEFP', 'NPP_g_m-2_1m_lag', 'month', 'months_from_start', 'popuDensity_ALAND_km2', 'GEOID']"
353.704121,2.185714636,2.519525433,0.066154706,0.9,0,2,9,140,"{'max_samples': 0.9, 'min_impurity_decrease': 0, 'min_samples_leaf': 2, 'min_samples_split': 9, 'n_estimators': 140}",-27.34294758,6.171925657,7,-0.04257465,0.000547952,7,-0.198495709,0.00207897,7,-0.503445085,0.022319794,52,0.75115813,0.007287615,52,0.751132653,0.007281954,52,0.751808237,52,6,"['STATEFP', 'NPP_g_m-2_1m_lag', 'month', 'months_from_start', 'popuDensity_ALAND_km2', 'GEOID']"
218.2225549,4.816983389,2.262805223,0.041356766,0.5,0,3,8,140,"{'max_samples': 0.5, 'min_impurity_decrease': 0, 'min_samples_leaf': 3, 'min_samples_split': 8, 'n_estimators': 140}",-27.36773878,6.199501118,24,-0.04625584,0.00052626,32,-0.21292128,0.001838161,32,-0.503512797,0.022427712,16,0.75112566,0.007080001,16,0.751107967,0.007075376,16,0.752383362,9,6,"['STATEFP', 'NPP_g_m-2_1m_lag', 'month', 'months_from_start', 'popuDensity_ALAND_km2', 'GEOID']"
330.3565385,12.68477017,2.96603241,0.240738085,0.6,0,4,9,140,"{'max_samples': 0.6, 'min_impurity_decrease': 0, 'min_samples_leaf': 4, 'min_samples_split': 9, 'n_estimators': 140}",-27.37819181,6.191525139,60,-0.046048035,0.000529511,59,-0.212291454,0.001913751,59,-0.503646599,0.022360075,53,0.751053496,0.007081652,53,0.751040024,0.007078377,53,0.752045557,47,6,"['STATEFP', 'NPP_g_m-2_1m_lag', 'month', 'months_from_start', 'popuDensity_ALAND_km2', 'GEOID']"
228.7480671,1.621190138,2.288890195,0.069870541,0.5,0,2,10,140,"{'max_samples': 0.5, 'min_impurity_decrease': 0, 'min_samples_leaf': 2, 'min_samples_split': 10, 'n_estimators': 140}",-27.37427009,6.202127448,2,-0.045987844,0.000512497,5,-0.211632826,0.001837891,5,-0.503908148,0.022438046,2,0.75093771,0.007066543,2,0.750912916,0.007060868,2,0.752364285,2,6,"['STATEFP', 'NPP_g_m-2_1m_lag', 'month', 'months_from_start', 'popuDensity_ALAND_km2', 'GEOID']"
314.7199222,7.947838994,2.763032842,0.157581729,0.6,0,4,10,140,"{'max_samples': 0.6, 'min_impurity_decrease': 0, 'min_samples_leaf': 4, 'min_samples_split': 10, 'n_estimators': 140}",-27.37563515,6.19119335,56,-0.046162117,0.000526754,60,-0.212715367,0.001899296,60,-0.504078873,0.022342648,54,0.750839467,0.00705917,54,0.750826359,0.007055833,54,0.75187904,51,6,"['STATEFP', 'NPP_g_m-2_1m_lag', 'month', 'months_from_start', 'popuDensity_ALAND_km2', 'GEOID']"
354.7837417,1.926645832,2.587251639,0.053094221,0.9,0,2,7,140,"{'max_samples': 0.9, 'min_impurity_decrease': 0, 'min_samples_leaf': 2, 'min_samples_split': 7, 'n_estimators': 140}",-27.35135481,6.176288246,19,-0.042341288,0.000559438,4,-0.197621435,0.002128125,4,-0.504223552,0.022389543,55,0.750774189,0.007372456,55,0.750746315,0.007366618,55,0.751169873,57,6,"['STATEFP', 'NPP_g_m-2_1m_lag', 'month', 'months_from_start', 'popuDensity_ALAND_km2', 'GEOID']"
377.2209107,2.265529844,2.547350621,0.078486425,1,0,2,11,140,"{'max_samples': None, 'min_impurity_decrease': 0, 'min_samples_leaf': 2, 'min_samples_split': 11, 'n_estimators': 140}",-27.35473028,6.170283635,25,-0.042545135,0.00056385,6,-0.198328417,0.002144873,6,-0.504382756,0.022174353,56,0.750692894,0.007169945,56,0.750668941,0.007164019,56,0.751263392,56,6,"['STATEFP', 'NPP_g_m-2_1m_lag', 'month', 'months_from_start', 'popuDensity_ALAND_km2', 'GEOID']"
282.0072788,4.567044807,2.241413307,0.045305207,0.7,0,5,2,140,"{'max_samples': 0.7, 'min_impurity_decrease': 0, 'min_samples_leaf': 5, 'min_samples_split': 2, 'n_estimators': 140}",-27.38032257,6.193769848,33,-0.046116243,0.000539339,28,-0.21263783,0.001975024,28,-0.504474178,0.022164458,17,0.750640165,0.006988375,17,0.750628935,0.006985701,17,0.750989895,22,6,"['STATEFP', 'NPP_g_m-2_1m_lag', 'month', 'months_from_start', 'popuDensity_ALAND_km2', 'GEOID']"
282.4706166,5.032531469,2.229311085,0.053147716,0.7,0,5,6,140,"{'max_samples': 0.7, 'min_impurity_decrease': 0, 'min_samples_leaf': 5, 'min_samples_split': 6, 'n_estimators': 140}",-27.38032257,6.193769848,33,-0.046116243,0.000539339,28,-0.21263783,0.001975024,28,-0.504474178,0.022164458,17,0.750640165,0.006988375,17,0.750628935,0.006985701,17,0.750989895,19,6,"['STATEFP', 'NPP_g_m-2_1m_lag', 'month', 'months_from_start', 'popuDensity_ALAND_km2', 'GEOID']"
282.6234413,4.909244302,2.29090333,0.033745803,0.7,0,5,4,140,"{'max_samples': 0.7, 'min_impurity_decrease': 0, 'min_samples_leaf': 5, 'min_samples_split': 4, 'n_estimators': 140}",-27.38032257,6.193769848,33,-0.046116243,0.000539339,28,-0.21263783,0.001975024,28,-0.504474178,0.022164458,17,0.750640165,0.006988375,17,0.750628935,0.006985701,17,0.750989895,19,6,"['STATEFP', 'NPP_g_m-2_1m_lag', 'month', 'months_from_start', 'popuDensity_ALAND_km2', 'GEOID']"
283.4258837,3.261969659,2.289446592,0.056826312,0.7,0,5,8,140,"{'max_samples': 0.7, 'min_impurity_decrease': 0, 'min_samples_leaf': 5, 'min_samples_split': 8, 'n_estimators': 140}",-27.38032257,6.193769848,33,-0.046116243,0.000539339,28,-0.21263783,0.001975024,28,-0.504474178,0.022164458,17,0.750640165,0.006988375,17,0.750628935,0.006985701,17,0.750989895,19,6,"['STATEFP', 'NPP_g_m-2_1m_lag', 'month', 'months_from_start', 'popuDensity_ALAND_km2', 'GEOID']"
305.460423,20.12327177,2.582225299,0.214342823,0.6,0,4,11,140,"{'max_samples': 0.6, 'min_impurity_decrease': 0, 'min_samples_leaf': 4, 'min_samples_split': 11, 'n_estimators': 140}",-27.38092368,6.193588699,61,-0.046317474,0.00052443,61,-0.21330463,0.001903732,61,-0.504680478,0.022299865,57,0.750541389,0.007022953,57,0.750528749,0.00701954,57,0.751688862,54,6,"['STATEFP', 'NPP_g_m-2_1m_lag', 'month', 'months_from_start', 'popuDensity_ALAND_km2', 'GEOID']"
377.0899353,1.956295433,2.571191216,0.054255525,1,0,2,10,140,"{'max_samples': None, 'min_impurity_decrease': 0, 'min_samples_leaf': 2, 'min_samples_split': 10, 'n_estimators': 140}",-27.35455831,6.168258307,24,-0.042394622,0.000573273,5,-0.197753553,0.002186333,5,-0.504699799,0.022035806,58,0.750535653,0.007118411,58,0.750510511,0.007112269,58,0.75114227,58,6,"['STATEFP', 'NPP_g_m-2_1m_lag', 'month', 'months_from_start', 'popuDensity_ALAND_km2', 'GEOID']"
229.0428563,0.996336654,2.312862015,0.135431442,0.5,0,2,11,140,"{'max_samples': 0.5, 'min_impurity_decrease': 0, 'min_samples_leaf': 2, 'min_samples_split': 11, 'n_estimators': 140}",-27.3814202,6.206420715,5,-0.046289242,0.000507061,6,-0.212811744,0.001837331,6,-0.504872458,0.022324761,3,0.750458842,0.006996166,3,0.750435211,0.006990536,3,0.751956754,3,6,"['STATEFP', 'NPP_g_m-2_1m_lag', 'month', 'months_from_start', 'popuDensity_ALAND_km2', 'GEOID']"
377.7515126,2.333473862,2.532969475,0.0323918,1,0,2,9,140,"{'max_samples': None, 'min_impurity_decrease': 0, 'min_samples_leaf': 2, 'min_samples_split': 9, 'n_estimators': 140}",-27.35839705,6.170069061,32,-0.042253197,0.000571354,3,-0.197223925,0.002204323,3,-0.504913877,0.022036042,59,0.750430516,0.007134349,59,0.750404102,0.007127897,59,0.750807808,59,6,"['STATEFP', 'NPP_g_m-2_1m_lag', 'month', 'months_from_start', 'popuDensity_ALAND_km2', 'GEOID']"
377.6953017,2.012152549,2.688087416,0.097757969,1,0,2,8,140,"{'max_samples': None, 'min_impurity_decrease': 0, 'min_samples_leaf': 2, 'min_samples_split': 8, 'n_estimators': 140}",-27.35594334,6.169409663,28,-0.042138827,0.000570606,2,-0.196811221,0.002188983,2,-0.505419952,0.021917401,60,0.750180122,0.007088794,60,0.750152396,0.00708224,60,0.750535952,60,6,"['STATEFP', 'NPP_g_m-2_1m_lag', 'month', 'months_from_start', 'popuDensity_ALAND_km2', 'GEOID']"
221.5169898,5.917893764,2.398715687,0.065612944,0.5,0,1,8,140,"{'max_samples': 0.5, 'min_impurity_decrease': 0, 'min_samples_leaf': 1, 'min_samples_split': 8, 'n_estimators': 140}",-27.38027456,6.193074254,31,-0.045291016,0.000518305,24,-0.208720765,0.001900527,24,-0.50554744,0.022427138,21,0.750153012,0.007139551,21,0.750099303,0.007131393,21,0.751643304,17,6,"['STATEFP', 'NPP_g_m-2_1m_lag', 'month', 'months_from_start', 'popuDensity_ALAND_km2', 'GEOID']"
226.5181098,4.451758487,2.579210091,0.081729227,0.5,0,1,6,140,"{'max_samples': 0.5, 'min_impurity_decrease': 0, 'min_samples_leaf': 1, 'min_samples_split': 6, 'n_estimators': 140}",-27.37492491,6.187402994,29,-0.044914303,0.000510654,23,-0.207281692,0.001900952,23,-0.50563336,0.022381599,22,0.750116374,0.007152953,22,0.750055269,0.007145163,22,0.751287634,18,6,"['STATEFP', 'NPP_g_m-2_1m_lag', 'month', 'months_from_start', 'popuDensity_ALAND_km2', 'GEOID']"
269.3432411,3.249172261,2.662255812,0.117155257,0.6,0,1,9,140,"{'max_samples': 0.6, 'min_impurity_decrease': 0, 'min_samples_leaf': 1, 'min_samples_split': 9, 'n_estimators': 140}",-27.38010657,6.187313772,4,-0.044382725,0.000518642,1,-0.205215748,0.002002243,1,-0.505638335,0.022736299,4,0.750105481,0.007339201,4,0.750055254,0.007331491,4,0.751196417,6,6,"['STATEFP', 'NPP_g_m-2_1m_lag', 'month', 'months_from_start', 'popuDensity_ALAND_km2', 'GEOID']"
268.6720908,2.103910775,2.573675466,0.127206514,0.6,0,1,10,140,"{'max_samples': 0.6, 'min_impurity_decrease': 0, 'min_samples_leaf': 1, 'min_samples_split': 10, 'n_estimators': 140}",-27.37845839,6.187191341,3,-0.044623984,0.000519756,2,-0.206157984,0.001991795,2,-0.505751203,0.022852121,5,0.750048195,0.007381198,5,0.750000686,0.00737379,5,0.751299818,5,6,"['STATEFP', 'NPP_g_m-2_1m_lag', 'month', 'months_from_start', 'popuDensity_ALAND_km2', 'GEOID']"
268.3870451,2.7368607,2.661615229,0.221048493,0.6,0,1,11,140,"{'max_samples': 0.6, 'min_impurity_decrease': 0, 'min_samples_leaf': 1, 'min_samples_split': 11, 'n_estimators': 140}",-27.38381431,6.189740054,6,-0.044891872,0.000523426,3,-0.207204155,0.002015854,3,-0.506064884,0.022821091,6,0.749889803,0.007364043,6,0.749845256,0.007356502,6,0.751555406,4,6,"['STATEFP', 'NPP_g_m-2_1m_lag', 'month', 'months_from_start', 'popuDensity_ALAND_km2', 'GEOID']"
379.6978493,2.38366436,2.719740725,0.077143555,1,0,2,7,140,"{'max_samples': None, 'min_impurity_decrease': 0, 'min_samples_leaf': 2, 'min_samples_split': 7, 'n_estimators': 140}",-27.35263019,6.170560791,20,-0.042050728,0.000579835,1,-0.196490906,0.002227627,1,-0.506181413,0.021996485,61,0.749804875,0.007145258,61,0.749775685,0.007138329,61,0.750060637,61,6,"['STATEFP', 'NPP_g_m-2_1m_lag', 'month', 'months_from_start', 'popuDensity_ALAND_km2', 'GEOID']"
226.5260432,1.776539495,2.271098495,0.08786848,0.5,0,4,9,140,"{'max_samples': 0.5, 'min_impurity_decrease': 0, 'min_samples_leaf': 4, 'min_samples_split': 9, 'n_estimators': 140}",-27.3853616,6.198943452,7,-0.047418985,0.00050521,7,-0.217607558,0.001764688,7,-0.506818057,0.022573375,7,0.749487927,0.007085031,7,0.749475257,0.00708137,7,0.750853835,7,6,"['STATEFP', 'NPP_g_m-2_1m_lag', 'month', 'months_from_start', 'popuDensity_ALAND_km2', 'GEOID']"
277.9048823,4.235088601,3.607842612,0.3235027,0.5,0,1,4,140,"{'max_samples': 0.5, 'min_impurity_decrease': 0, 'min_samples_leaf': 1, 'min_samples_split': 4, 'n_estimators': 140}",-27.38028872,6.188171621,32,-0.044768014,0.000508181,21,-0.206814521,0.001884733,17,-0.507190863,0.022380526,23,0.749353387,0.00719819,23,0.749283132,0.007189081,23,0.750293311,23,6,"['STATEFP', 'NPP_g_m-2_1m_lag', 'month', 'months_from_start', 'popuDensity_ALAND_km2', 'GEOID']"
225.2239496,0.861488486,2.179160285,0.051435531,0.5,0,4,10,140,"{'max_samples': 0.5, 'min_impurity_decrease': 0, 'min_samples_leaf': 4, 'min_samples_split': 10, 'n_estimators': 140}",-27.387303,6.202733561,8,-0.047555603,0.00050715,8,-0.218114452,0.001781745,8,-0.507417252,0.022625627,8,0.749191678,0.007101915,8,0.749179409,0.007098325,8,0.750570663,8,6,"['STATEFP', 'NPP_g_m-2_1m_lag', 'month', 'months_from_start', 'popuDensity_ALAND_km2', 'GEOID']"
289.3717495,10.15048427,2.56437459,0.074547194,0.7,0,1,8,140,"{'max_samples': 0.7, 'min_impurity_decrease': 0, 'min_samples_leaf': 1, 'min_samples_split': 8, 'n_estimators': 140}",-27.3544932,6.175672267,13,-0.043356547,0.000549931,12,-0.201267156,0.00213947,12,-0.507556669,0.021868794,24,0.749145156,0.007120758,24,0.749093189,0.007112557,24,0.748968253,29,6,"['STATEFP', 'NPP_g_m-2_1m_lag', 'month', 'months_from_start', 'popuDensity_ALAND_km2', 'GEOID']"
330.8953377,8.868653194,1.986313987,0.246455772,0.9,0,7,8,140,"{'max_samples': 0.9, 'min_impurity_decrease': 0, 'min_samples_leaf': 7, 'min_samples_split': 8, 'n_estimators': 140}",-27.36475688,6.189810908,20,-0.046632679,0.000523152,33,-0.214851774,0.001896585,33,-0.508077415,0.022405873,25,0.748855352,0.007078257,25,0.748848325,0.007076092,25,0.749893003,24,6,"['STATEFP', 'NPP_g_m-2_1m_lag', 'month', 'months_from_start', 'popuDensity_ALAND_km2', 'GEOID']"
334.5964987,9.716532887,2.188184452,0.052856203,0.9,0,7,2,140,"{'max_samples': 0.9, 'min_impurity_decrease': 0, 'min_samples_leaf': 7, 'min_samples_split': 2, 'n_estimators': 140}",-27.36475688,6.189810908,20,-0.046632679,0.000523152,33,-0.214851774,0.001896585,33,-0.508077415,0.022405873,25,0.748855352,0.007078257,25,0.748848325,0.007076092,25,0.749893003,24,6,"['STATEFP', 'NPP_g_m-2_1m_lag', 'month', 'months_from_start', 'popuDensity_ALAND_km2', 'GEOID']"
334.9985096,8.144080392,2.169676018,0.038395728,0.9,0,7,6,140,"{'max_samples': 0.9, 'min_impurity_decrease': 0, 'min_samples_leaf': 7, 'min_samples_split': 6, 'n_estimators': 140}",-27.36475688,6.189810908,20,-0.046632679,0.000523152,33,-0.214851774,0.001896585,33,-0.508077415,0.022405873,25,0.748855352,0.007078257,25,0.748848325,0.007076092,25,0.749893003,24,6,"['STATEFP', 'NPP_g_m-2_1m_lag', 'month', 'months_from_start', 'popuDensity_ALAND_km2', 'GEOID']"
335.8615951,8.56149807,2.187952518,0.035480281,0.9,0,7,4,140,"{'max_samples': 0.9, 'min_impurity_decrease': 0, 'min_samples_leaf': 7, 'min_samples_split': 4, 'n_estimators': 140}",-27.36475688,6.189810908,20,-0.046632679,0.000523152,33,-0.214851774,0.001896585,33,-0.508077415,0.022405873,25,0.748855352,0.007078257,25,0.748848325,0.007076092,25,0.749893003,24,6,"['STATEFP', 'NPP_g_m-2_1m_lag', 'month', 'months_from_start', 'popuDensity_ALAND_km2', 'GEOID']"
226.8203385,2.93559261,2.116097403,0.185174614,0.5,0,4,11,140,"{'max_samples': 0.5, 'min_impurity_decrease': 0, 'min_samples_leaf': 4, 'min_samples_split': 11, 'n_estimators': 140}",-27.39015654,6.206697567,9,-0.047745069,0.000509172,9,-0.218852647,0.001803375,9,-0.508252736,0.022589678,9,0.748777804,0.007075574,9,0.748765918,0.007072146,9,0.750211754,9,6,"['STATEFP', 'NPP_g_m-2_1m_lag', 'month', 'months_from_start', 'popuDensity_ALAND_km2', 'GEOID']"
292.6644806,6.07980855,2.650983572,0.046162075,0.7,0,1,6,140,"{'max_samples': 0.7, 'min_impurity_decrease': 0, 'min_samples_leaf': 1, 'min_samples_split': 6, 'n_estimators': 140}",-27.36422978,6.176272038,19,-0.04311285,0.000551966,11,-0.200397368,0.002148598,11,-0.509589036,0.02191861,29,0.748145464,0.007199533,29,0.748086305,0.007191819,29,0.748093389,38,6,"['STATEFP', 'NPP_g_m-2_1m_lag', 'month', 'months_from_start', 'popuDensity_ALAND_km2', 'GEOID']"
242.2850778,2.581353923,3.415902472,0.358017934,0.5,0,1,2,140,"{'max_samples': 0.5, 'min_impurity_decrease': 0, 'min_samples_leaf': 1, 'min_samples_split': 2, 'n_estimators': 140}",-27.37887137,6.191964178,30,-0.044787783,0.000509511,22,-0.207001186,0.001781688,18,-0.509801994,0.022492812,30,0.74806423,0.00722108,30,0.747992549,0.007211427,30,0.749312585,28,6,"['STATEFP', 'NPP_g_m-2_1m_lag', 'month', 'months_from_start', 'popuDensity_ALAND_km2', 'GEOID']"
156.2649183,1.42762234,2.733558869,0.089322109,0.3,0,1,4,140,"{'max_samples': 0.3, 'min_impurity_decrease': 0, 'min_samples_leaf': 1, 'min_samples_split': 4, 'n_estimators': 140}",-27.3928526,6.186215735,2,-0.049271615,0.000492092,2,-0.224405224,0.001841698,1,-0.510654759,0.02261701,1,0.747653696,0.007184545,1,0.747575068,0.007172664,1,0.749430305,2,6,"['STATEFP', 'NPP_g_m-2_1m_lag', 'month', 'months_from_start', 'popuDensity_ALAND_km2', 'GEOID']"
214.7846798,4.310351837,2.117769575,0.042549758,0.5,0,5,8,140,"{'max_samples': 0.5, 'min_impurity_decrease': 0, 'min_samples_leaf': 5, 'min_samples_split': 8, 'n_estimators': 140}",-27.3884798,6.207290324,37,-0.048695838,0.000501639,41,-0.222731757,0.001793178,41,-0.510966285,0.022766516,31,0.747434686,0.007124449,31,0.747425393,0.007121929,31,0.748958497,30,6,"['STATEFP', 'NPP_g_m-2_1m_lag', 'month', 'months_from_start', 'popuDensity_ALAND_km2', 'GEOID']"
215.7445926,5.126454467,2.092802668,0.045029019,0.5,0,5,2,140,"{'max_samples': 0.5, 'min_impurity_decrease': 0, 'min_samples_leaf': 5, 'min_samples_split': 2, 'n_estimators': 140}",-27.3884798,6.207290324,37,-0.048695838,0.000501639,41,-0.222731757,0.001793178,41,-0.510966285,0.022766516,31,0.747434686,0.007124449,31,0.747425393,0.007121929,31,0.748958497,30,6,"['STATEFP', 'NPP_g_m-2_1m_lag', 'month', 'months_from_start', 'popuDensity_ALAND_km2', 'GEOID']"
216.2911758,6.177090002,2.105581188,0.067504947,0.5,0,5,4,140,"{'max_samples': 0.5, 'min_impurity_decrease': 0, 'min_samples_leaf': 5, 'min_samples_split': 4, 'n_estimators': 140}",-27.3884798,6.207290324,37,-0.048695838,0.000501639,41,-0.222731757,0.001793178,41,-0.510966285,0.022766516,31,0.747434686,0.007124449,31,0.747425393,0.007121929,31,0.748958497,30,6,"['STATEFP', 'NPP_g_m-2_1m_lag', 'month', 'months_from_start', 'popuDensity_ALAND_km2', 'GEOID']"
218.6592275,7.420430651,2.084155846,0.029896048,0.5,0,5,6,140,"{'max_samples': 0.5, 'min_impurity_decrease': 0, 'min_samples_leaf': 5, 'min_samples_split': 6, 'n_estimators': 140}",-27.3884798,6.207290324,37,-0.048695838,0.000501639,41,-0.222731757,0.001793178,41,-0.510966285,0.022766516,31,0.747434686,0.007124449,31,0.747425393,0.007121929,31,0.748958497,30,6,"['STATEFP', 'NPP_g_m-2_1m_lag', 'month', 'months_from_start', 'popuDensity_ALAND_km2', 'GEOID']"
162.338675,1.351107098,3.030626011,0.165184001,0.3,0,1,2,140,"{'max_samples': 0.3, 'min_impurity_decrease': 0, 'min_samples_leaf': 1, 'min_samples_split': 2, 'n_estimators': 140}",-27.38051142,6.182259877,1,-0.049251173,0.000495887,1,-0.224467902,0.001833504,2,-0.511305444,0.02254464,2,0.747333294,0.007201788,2,0.747250927,0.00719002,2,0.749326189,3,6,"['STATEFP', 'NPP_g_m-2_1m_lag', 'month', 'months_from_start', 'popuDensity_ALAND_km2', 'GEOID']"
156.6315098,4.354185202,2.543219995,0.141572223,0.3,0,1,6,140,"{'max_samples': 0.3, 'min_impurity_decrease': 0, 'min_samples_leaf': 1, 'min_samples_split': 6, 'n_estimators': 140}",-27.41333433,6.190521526,16,-0.049553396,0.000484915,3,-0.225441044,0.001805481,3,-0.51133297,0.022800208,3,0.747309001,0.007249496,3,0.747241481,0.007238847,3,0.749591499,1,6,"['STATEFP', 'NPP_g_m-2_1m_lag', 'month', 'months_from_start', 'popuDensity_ALAND_km2', 'GEOID']"
278.9041395,7.260208485,2.095170069,0.026032046,0.7,0,7,6,140,"{'max_samples': 0.7, 'min_impurity_decrease': 0, 'min_samples_leaf': 7, 'min_samples_split': 6, 'n_estimators': 140}",-27.4012256,6.20924051,41,-0.0483989,0.000539898,37,-0.221735734,0.001982505,37,-0.512121248,0.022447063,35,0.746856967,0.007019573,35,0.746849746,0.007017551,35,0.74820812,34,6,"['STATEFP', 'NPP_g_m-2_1m_lag', 'month', 'months_from_start', 'popuDensity_ALAND_km2', 'GEOID']"
280.4448629,6.593124181,2.060167527,0.04965543,0.7,0,7,4,140,"{'max_samples': 0.7, 'min_impurity_decrease': 0, 'min_samples_leaf': 7, 'min_samples_split': 4, 'n_estimators': 140}",-27.4012256,6.20924051,41,-0.0483989,0.000539898,37,-0.221735734,0.001982505,37,-0.512121248,0.022447063,35,0.746856967,0.007019573,35,0.746849746,0.007017551,35,0.74820812,34,6,"['STATEFP', 'NPP_g_m-2_1m_lag', 'month', 'months_from_start', 'popuDensity_ALAND_km2', 'GEOID']"
281.4869133,7.318558126,2.083939075,0.039139977,0.7,0,7,8,140,"{'max_samples': 0.7, 'min_impurity_decrease': 0, 'min_samples_leaf': 7, 'min_samples_split': 8, 'n_estimators': 140}",-27.4012256,6.20924051,41,-0.0483989,0.000539898,37,-0.221735734,0.001982505,37,-0.512121248,0.022447063,35,0.746856967,0.007019573,35,0.746849746,0.007017551,35,0.74820812,34,6,"['STATEFP', 'NPP_g_m-2_1m_lag', 'month', 'months_from_start', 'popuDensity_ALAND_km2', 'GEOID']"
281.824967,6.341628237,2.081776118,0.059967177,0.7,0,7,2,140,"{'max_samples': 0.7, 'min_impurity_decrease': 0, 'min_samples_leaf': 7, 'min_samples_split': 2, 'n_estimators': 140}",-27.4012256,6.20924051,41,-0.0483989,0.000539898,37,-0.221735734,0.001982505,37,-0.512121248,0.022447063,35,0.746856967,0.007019573,35,0.746849746,0.007017551,35,0.74820812,34,6,"['STATEFP', 'NPP_g_m-2_1m_lag', 'month', 'months_from_start', 'popuDensity_ALAND_km2', 'GEOID']"
292.4006616,8.859514322,2.767596793,0.02439038,0.7,0,1,4,140,"{'max_samples': 0.7, 'min_impurity_decrease': 0, 'min_samples_leaf': 1, 'min_samples_split': 4, 'n_estimators': 140}",-27.36069991,6.173776593,18,-0.043024982,0.000556313,9,-0.200152302,0.002147219,8,-0.512634982,0.022013402,39,0.746646679,0.007229282,39,0.746580021,0.007220955,39,0.746588844,39,6,"['STATEFP', 'NPP_g_m-2_1m_lag', 'month', 'months_from_start', 'popuDensity_ALAND_km2', 'GEOID']"
346.5416638,7.008103753,2.633474708,0.048282232,0.9,0,1,8,140,"{'max_samples': 0.9, 'min_impurity_decrease': 0, 'min_samples_leaf': 1, 'min_samples_split': 8, 'n_estimators': 140}",-27.34561493,6.173765406,6,-0.042334512,0.000563286,4,-0.197429837,0.002142457,4,-0.513230691,0.021886686,40,0.74632583,0.007376192,40,0.746278042,0.007371576,40,0.746139109,40,6,"['STATEFP', 'NPP_g_m-2_1m_lag', 'month', 'months_from_start', 'popuDensity_ALAND_km2', 'GEOID']"
149.4489742,1.028803909,2.24738369,0.046246434,0.3,0,1,8,140,"{'max_samples': 0.3, 'min_impurity_decrease': 0, 'min_samples_leaf': 1, 'min_samples_split': 8, 'n_estimators': 140}",-27.40835493,6.20046147,7,-0.050219084,0.000481579,4,-0.228031434,0.001799884,4,-0.513648156,0.022639994,4,0.746154492,0.007149129,4,0.746095125,0.007138566,4,0.748846402,4,6,"['STATEFP', 'NPP_g_m-2_1m_lag', 'month', 'months_from_start', 'popuDensity_ALAND_km2', 'GEOID']"
146.2233041,0.646106307,2.194744205,0.042467559,0.3,0,3,2,140,"{'max_samples': 0.3, 'min_impurity_decrease': 0, 'min_samples_leaf': 3, 'min_samples_split': 2, 'n_estimators': 140}",-27.40011054,6.196460611,3,-0.05114735,0.000486032,5,-0.232224753,0.001751679,5,-0.515432796,0.023165863,5,0.745235005,0.007311072,5,0.745218688,0.007306592,5,0.747666551,5,6,"['STATEFP', 'NPP_g_m-2_1m_lag', 'month', 'months_from_start', 'popuDensity_ALAND_km2', 'GEOID']"
146.4346928,0.636651345,2.157176375,0.045481001,0.3,0,3,6,140,"{'max_samples': 0.3, 'min_impurity_decrease': 0, 'min_samples_leaf': 3, 'min_samples_split': 6, 'n_estimators': 140}",-27.40011054,6.196460611,3,-0.05114735,0.000486032,5,-0.232224753,0.001751679,5,-0.515432796,0.023165863,5,0.745235005,0.007311072,5,0.745218688,0.007306592,5,0.747666551,5,6,"['STATEFP', 'NPP_g_m-2_1m_lag', 'month', 'months_from_start', 'popuDensity_ALAND_km2', 'GEOID']"
146.4465264,0.86444626,2.186010742,0.045617723,0.3,0,3,4,140,"{'max_samples': 0.3, 'min_impurity_decrease': 0, 'min_samples_leaf': 3, 'min_samples_split': 4, 'n_estimators': 140}",-27.40011054,6.196460611,3,-0.05114735,0.000486032,5,-0.232224753,0.001751679,5,-0.515432796,0.023165863,5,0.745235005,0.007311072,5,0.745218688,0.007306592,5,0.747666551,5,6,"['STATEFP', 'NPP_g_m-2_1m_lag', 'month', 'months_from_start', 'popuDensity_ALAND_km2', 'GEOID']"
348.5018204,7.445775638,2.737311578,0.035792568,0.9,0,1,6,140,"{'max_samples': 0.9, 'min_impurity_decrease': 0, 'min_samples_leaf': 1, 'min_samples_split': 6, 'n_estimators': 140}",-27.348405,6.172901255,7,-0.042152811,0.000564678,2,-0.196808064,0.002184949,1,-0.516368153,0.022133808,41,0.744779898,0.007546046,41,0.744725628,0.00754191,41,0.744716383,42,6,"['STATEFP', 'NPP_g_m-2_1m_lag', 'month', 'months_from_start', 'popuDensity_ALAND_km2', 'GEOID']"
296.1459511,10.32536037,2.922720695,0.071368842,0.7,0,1,2,140,"{'max_samples': 0.7, 'min_impurity_decrease': 0, 'min_samples_leaf': 1, 'min_samples_split': 2, 'n_estimators': 140}",-27.35803518,6.176004274,14,-0.043049718,0.000558605,10,-0.200355198,0.002181809,10,-0.516774071,0.022282065,42,0.744602213,0.007304973,42,0.744535157,0.007296632,42,0.744903298,41,6,"['STATEFP', 'NPP_g_m-2_1m_lag', 'month', 'months_from_start', 'popuDensity_ALAND_km2', 'GEOID']"
145.5160963,0.552377419,2.017040873,0.017573732,0.3,0,3,8,140,"{'max_samples': 0.3, 'min_impurity_decrease': 0, 'min_samples_leaf': 3, 'min_samples_split': 8, 'n_estimators': 140}",-27.40714665,6.20198456,6,-0.051503998,0.000495885,8,-0.233588094,0.001796273,8,-0.517446405,0.023024571,8,0.74423709,0.007219076,8,0.744221628,0.007214802,8,0.74690739,8,6,"['STATEFP', 'NPP_g_m-2_1m_lag', 'month', 'months_from_start', 'popuDensity_ALAND_km2', 'GEOID']"
348.8843523,8.152765036,2.879792213,0.079006466,0.9,0,1,4,140,"{'max_samples': 0.9, 'min_impurity_decrease': 0, 'min_samples_leaf': 1, 'min_samples_split': 4, 'n_estimators': 140}",-27.34995433,6.17352172,8,-0.042140603,0.000562919,1,-0.196878636,0.002168036,2,-0.521174769,0.022333304,43,0.742409603,0.007616028,43,0.742348982,0.007611181,43,0.74265994,47,6,"['STATEFP', 'NPP_g_m-2_1m_lag', 'month', 'months_from_start', 'popuDensity_ALAND_km2', 'GEOID']"
212.5593006,4.27338009,1.908710837,0.042789,0.5,0,7,2,140,"{'max_samples': 0.5, 'min_impurity_decrease': 0, 'min_samples_leaf': 7, 'min_samples_split': 2, 'n_estimators': 140}",-27.4056221,6.20816592,45,-0.051516712,0.000551841,45,-0.233944964,0.001960655,45,-0.521504836,0.02280146,44,0.742219894,0.007029432,44,0.742213338,0.007027913,44,0.744518001,43,6,"['STATEFP', 'NPP_g_m-2_1m_lag', 'month', 'months_from_start', 'popuDensity_ALAND_km2', 'GEOID']"
213.3832938,7.342283381,1.906313658,0.033825963,0.5,0,7,6,140,"{'max_samples': 0.5, 'min_impurity_decrease': 0, 'min_samples_leaf': 7, 'min_samples_split': 6, 'n_estimators': 140}",-27.4056221,6.20816592,45,-0.051516712,0.000551841,45,-0.233944964,0.001960655,45,-0.521504836,0.02280146,44,0.742219894,0.007029432,44,0.742213338,0.007027913,44,0.744518001,43,6,"['STATEFP', 'NPP_g_m-2_1m_lag', 'month', 'months_from_start', 'popuDensity_ALAND_km2', 'GEOID']"
214.0367501,7.330347029,1.918234563,0.033106672,0.5,0,7,8,140,"{'max_samples': 0.5, 'min_impurity_decrease': 0, 'min_samples_leaf': 7, 'min_samples_split': 8, 'n_estimators': 140}",-27.4056221,6.20816592,45,-0.051516712,0.000551841,45,-0.233944964,0.001960655,45,-0.521504836,0.02280146,44,0.742219894,0.007029432,44,0.742213338,0.007027913,44,0.744518001,43,6,"['STATEFP', 'NPP_g_m-2_1m_lag', 'month', 'months_from_start', 'popuDensity_ALAND_km2', 'GEOID']"
214.4094471,4.903678278,1.916539955,0.036915266,0.5,0,7,4,140,"{'max_samples': 0.5, 'min_impurity_decrease': 0, 'min_samples_leaf': 7, 'min_samples_split': 4, 'n_estimators': 140}",-27.4056221,6.20816592,45,-0.051516712,0.000551841,45,-0.233944964,0.001960655,45,-0.521504836,0.02280146,44,0.742219894,0.007029432,44,0.742213338,0.007027913,44,0.744518001,43,6,"['STATEFP', 'NPP_g_m-2_1m_lag', 'month', 'months_from_start', 'popuDensity_ALAND_km2', 'GEOID']"
353.5090718,7.228018726,3.075163412,0.066926178,0.9,0,1,2,140,"{'max_samples': 0.9, 'min_impurity_decrease': 0, 'min_samples_leaf': 1, 'min_samples_split': 2, 'n_estimators': 140}",-27.3438454,6.174798417,2,-0.042198186,0.000586684,3,-0.197222752,0.002275345,3,-0.526685966,0.022963529,48,0.739689838,0.007828114,48,0.739628526,0.007824026,48,0.740608077,48,6,"['STATEFP', 'NPP_g_m-2_1m_lag', 'month', 'months_from_start', 'popuDensity_ALAND_km2', 'GEOID']"
142.9268443,0.546474179,1.88436501,0.028015516,0.3,0,5,4,140,"{'max_samples': 0.3, 'min_impurity_decrease': 0, 'min_samples_leaf': 5, 'min_samples_split': 4, 'n_estimators': 140}",-27.41110802,6.208467123,12,-0.054873736,0.000512044,9,-0.247234194,0.001870621,9,-0.530084017,0.023316312,9,0.737981131,0.007238662,9,0.737973011,0.007236354,9,0.741344249,9,6,"['STATEFP', 'NPP_g_m-2_1m_lag', 'month', 'months_from_start', 'popuDensity_ALAND_km2', 'GEOID']"
143.2953073,0.658828434,1.89746542,0.028933478,0.3,0,5,2,140,"{'max_samples': 0.3, 'min_impurity_decrease': 0, 'min_samples_leaf': 5, 'min_samples_split': 2, 'n_estimators': 140}",-27.41110802,6.208467123,12,-0.054873736,0.000512044,9,-0.247234194,0.001870621,9,-0.530084017,0.023316312,9,0.737981131,0.007238662,9,0.737973011,0.007236354,9,0.741344249,12,6,"['STATEFP', 'NPP_g_m-2_1m_lag', 'month', 'months_from_start', 'popuDensity_ALAND_km2', 'GEOID']"
143.5745486,0.419668809,1.912983394,0.036200695,0.3,0,5,8,140,"{'max_samples': 0.3, 'min_impurity_decrease': 0, 'min_samples_leaf': 5, 'min_samples_split': 8, 'n_estimators': 140}",-27.41110802,6.208467123,12,-0.054873736,0.000512044,9,-0.247234194,0.001870621,9,-0.530084017,0.023316312,9,0.737981131,0.007238662,9,0.737973011,0.007236354,9,0.741344249,9,6,"['STATEFP', 'NPP_g_m-2_1m_lag', 'month', 'months_from_start', 'popuDensity_ALAND_km2', 'GEOID']"
144.2535458,0.797079452,1.916439009,0.03714622,0.3,0,5,6,140,"{'max_samples': 0.3, 'min_impurity_decrease': 0, 'min_samples_leaf': 5, 'min_samples_split': 6, 'n_estimators': 140}",-27.41110802,6.208467123,12,-0.054873736,0.000512044,9,-0.247234194,0.001870621,9,-0.530084017,0.023316312,9,0.737981131,0.007238662,9,0.737973011,0.007236354,9,0.741344249,9,6,"['STATEFP', 'NPP_g_m-2_1m_lag', 'month', 'months_from_start', 'popuDensity_ALAND_km2', 'GEOID']"
139.1881318,1.977326134,1.627280998,0.158759722,0.3,0,7,8,140,"{'max_samples': 0.3, 'min_impurity_decrease': 0, 'min_samples_leaf': 7, 'min_samples_split': 8, 'n_estimators': 140}",-27.41063428,6.201095957,8,-0.058862971,0.000524048,13,-0.263411398,0.001924172,13,-0.54510326,0.02373285,13,0.730553613,0.007286987,13,0.730547734,0.007285877,13,0.734667196,13,6,"['STATEFP', 'NPP_g_m-2_1m_lag', 'month', 'months_from_start', 'popuDensity_ALAND_km2', 'GEOID']"
140.751534,0.834189999,1.712953448,0.024511176,0.3,0,7,2,140,"{'max_samples': 0.3, 'min_impurity_decrease': 0, 'min_samples_leaf': 7, 'min_samples_split': 2, 'n_estimators': 140}",-27.41063428,6.201095957,8,-0.058862971,0.000524048,13,-0.263411398,0.001924172,13,-0.54510326,0.02373285,13,0.730553613,0.007286987,13,0.730547734,0.007285877,13,0.734667196,13,6,"['STATEFP', 'NPP_g_m-2_1m_lag', 'month', 'months_from_start', 'popuDensity_ALAND_km2', 'GEOID']"
140.9312794,0.393059651,1.741179872,0.082753186,0.3,0,7,4,140,"{'max_samples': 0.3, 'min_impurity_decrease': 0, 'min_samples_leaf': 7, 'min_samples_split': 4, 'n_estimators': 140}",-27.41063428,6.201095957,8,-0.058862971,0.000524048,13,-0.263411398,0.001924172,13,-0.54510326,0.02373285,13,0.730553613,0.007286987,13,0.730547734,0.007285877,13,0.734667196,13,6,"['STATEFP', 'NPP_g_m-2_1m_lag', 'month', 'months_from_start', 'popuDensity_ALAND_km2', 'GEOID']"
141.7790728,1.653264268,1.705074596,0.041134675,0.3,0,7,6,140,"{'max_samples': 0.3, 'min_impurity_decrease': 0, 'min_samples_leaf': 7, 'min_samples_split': 6, 'n_estimators': 140}",-27.41063428,6.201095957,8,-0.058862971,0.000524048,13,-0.263411398,0.001924172,13,-0.54510326,0.02373285,13,0.730553613,0.007286987,13,0.730547734,0.007285877,13,0.734667196,13,6,"['STATEFP', 'NPP_g_m-2_1m_lag', 'month', 'months_from_start', 'popuDensity_ALAND_km2', 'GEOID']"
57.63392897,0.990717158,2.807840443,0.306667676,0.1,0,1,2,140,"{'max_samples': 0.1, 'min_impurity_decrease': 0, 'min_samples_leaf': 1, 'min_samples_split': 2, 'n_estimators': 140}",-27.48954099,6.127841733,17,-0.068199429,0.00057037,17,-0.2997121,0.001999808,17,-0.564234274,0.023940538,17,0.721209691,0.007292203,17,0.721085101,0.007273739,17,0.725491726,17,6,"['STATEFP', 'NPP_g_m-2_1m_lag', 'month', 'months_from_start', 'popuDensity_ALAND_km2', 'GEOID']"
55.48767645,2.628889144,2.102837586,0.121936681,0.1,0,1,4,140,"{'max_samples': 0.1, 'min_impurity_decrease': 0, 'min_samples_leaf': 1, 'min_samples_split': 4, 'n_estimators': 140}",-27.49976813,6.147635607,18,-0.068410467,0.000568961,18,-0.300527087,0.002014957,18,-0.566294883,0.024081926,18,0.720184159,0.007327702,18,0.720067383,0.007310041,18,0.724538647,18,6,"['STATEFP', 'NPP_g_m-2_1m_lag', 'month', 'months_from_start', 'popuDensity_ALAND_km2', 'GEOID']"
58.07092006,0.283125727,1.833467531,0.06358464,0.1,0,1,6,140,"{'max_samples': 0.1, 'min_impurity_decrease': 0, 'min_samples_leaf': 1, 'min_samples_split': 6, 'n_estimators': 140}",-27.51092967,6.14846076,19,-0.069337779,0.000581547,19,-0.304421804,0.002098078,19,-0.571724826,0.024263516,19,0.717482222,0.007364017,19,0.717383033,0.007348045,19,0.722401438,19,6,"['STATEFP', 'NPP_g_m-2_1m_lag', 'month', 'months_from_start', 'popuDensity_ALAND_km2', 'GEOID']"
52.27110696,1.125426818,1.719971514,0.080536467,0.1,0,1,8,140,"{'max_samples': 0.1, 'min_impurity_decrease': 0, 'min_samples_leaf': 1, 'min_samples_split': 8, 'n_estimators': 140}",-27.51890656,6.141087371,20,-0.07096613,0.000562108,20,-0.311317356,0.002040164,20,-0.579251816,0.02411279,20,0.713743485,0.007239089,20,0.713658006,0.007225334,20,0.719193567,20,6,"['STATEFP', 'NPP_g_m-2_1m_lag', 'month', 'months_from_start', 'popuDensity_ALAND_km2', 'GEOID']"
50.77575738,0.94615533,1.795552063,0.098823401,0.1,0,3,6,140,"{'max_samples': 0.1, 'min_impurity_decrease': 0, 'min_samples_leaf': 3, 'min_samples_split': 6, 'n_estimators': 140}",-27.55251657,6.142936211,21,-0.071966248,0.00057803,21,-0.31625439,0.002151088,21,-0.586307222,0.025083434,21,0.710196304,0.007640126,21,0.710176004,0.007634757,21,0.715816322,21,6,"['STATEFP', 'NPP_g_m-2_1m_lag', 'month', 'months_from_start', 'popuDensity_ALAND_km2', 'GEOID']"
51.95280309,0.445514911,1.892257953,0.21591195,0.1,0,3,4,140,"{'max_samples': 0.1, 'min_impurity_decrease': 0, 'min_samples_leaf': 3, 'min_samples_split': 4, 'n_estimators': 140}",-27.55251657,6.142936211,21,-0.071966248,0.00057803,21,-0.31625439,0.002151088,21,-0.586307222,0.025083434,21,0.710196304,0.007640126,21,0.710176004,0.007634757,21,0.715816322,21,6,"['STATEFP', 'NPP_g_m-2_1m_lag', 'month', 'months_from_start', 'popuDensity_ALAND_km2', 'GEOID']"
52.13225484,0.595465285,1.728094673,0.054613964,0.1,0,3,2,140,"{'max_samples': 0.1, 'min_impurity_decrease': 0, 'min_samples_leaf': 3, 'min_samples_split': 2, 'n_estimators': 140}",-27.55251657,6.142936211,21,-0.071966248,0.00057803,21,-0.31625439,0.002151088,21,-0.586307222,0.025083434,21,0.710196304,0.007640126,21,0.710176004,0.007634757,21,0.715816322,21,6,"['STATEFP', 'NPP_g_m-2_1m_lag', 'month', 'months_from_start', 'popuDensity_ALAND_km2', 'GEOID']"
56.82662642,1.599503615,1.681860876,0.144220006,0.1,0,3,8,140,"{'max_samples': 0.1, 'min_impurity_decrease': 0, 'min_samples_leaf': 3, 'min_samples_split': 8, 'n_estimators': 140}",-27.56085478,6.138487079,24,-0.072906981,0.000591962,24,-0.320157102,0.002218536,24,-0.591215004,0.025095665,24,0.707767878,0.007618204,24,0.707748027,0.007613825,24,0.71368807,24,6,"['STATEFP', 'NPP_g_m-2_1m_lag', 'month', 'months_from_start', 'popuDensity_ALAND_km2', 'GEOID']"
47.67525532,0.392442102,1.505925274,0.066647308,0.1,0,5,2,140,"{'max_samples': 0.1, 'min_impurity_decrease': 0, 'min_samples_leaf': 5, 'min_samples_split': 2, 'n_estimators': 140}",-27.58778518,6.135564701,25,-0.078473513,0.000627959,25,-0.343647241,0.002366807,25,-0.615377275,0.025708946,25,0.695810073,0.007722029,25,0.695800653,0.007719028,25,0.702524301,25,6,"['STATEFP', 'NPP_g_m-2_1m_lag', 'month', 'months_from_start', 'popuDensity_ALAND_km2', 'GEOID']"
48.32573667,1.258500625,1.660279512,0.130779584,0.1,0,5,4,140,"{'max_samples': 0.1, 'min_impurity_decrease': 0, 'min_samples_leaf': 5, 'min_samples_split': 4, 'n_estimators': 140}",-27.58778518,6.135564701,25,-0.078473513,0.000627959,25,-0.343647241,0.002366807,25,-0.615377275,0.025708946,25,0.695810073,0.007722029,25,0.695800653,0.007719028,25,0.702524301,25,6,"['STATEFP', 'NPP_g_m-2_1m_lag', 'month', 'months_from_start', 'popuDensity_ALAND_km2', 'GEOID']"
49.59489741,0.951127479,1.588816166,0.08886637,0.1,0,5,6,140,"{'max_samples': 0.1, 'min_impurity_decrease': 0, 'min_samples_leaf': 5, 'min_samples_split': 6, 'n_estimators': 140}",-27.58778518,6.135564701,25,-0.078473513,0.000627959,25,-0.343647241,0.002366807,25,-0.615377275,0.025708946,25,0.695810073,0.007722029,25,0.695800653,0.007719028,25,0.702524301,25,6,"['STATEFP', 'NPP_g_m-2_1m_lag', 'month', 'months_from_start', 'popuDensity_ALAND_km2', 'GEOID']"
54.0489172,4.878157463,1.596426845,0.106576947,0.1,0,5,8,140,"{'max_samples': 0.1, 'min_impurity_decrease': 0, 'min_samples_leaf': 5, 'min_samples_split': 8, 'n_estimators': 140}",-27.58778518,6.135564701,25,-0.078473513,0.000627959,25,-0.343647241,0.002366807,25,-0.615377275,0.025708946,25,0.695810073,0.007722029,25,0.695800653,0.007719028,25,0.702524301,25,6,"['STATEFP', 'NPP_g_m-2_1m_lag', 'month', 'months_from_start', 'popuDensity_ALAND_km2', 'GEOID']"
46.30753605,0.565472494,1.354677272,0.029183163,0.1,0,7,6,140,"{'max_samples': 0.1, 'min_impurity_decrease': 0, 'min_samples_leaf': 7, 'min_samples_split': 6, 'n_estimators': 140}",-27.65554094,6.135215668,29,-0.084369263,0.000648068,29,-0.36826486,0.00240907,29,-0.641622417,0.025677546,29,0.682823085,0.007551028,29,0.682816349,0.007549826,29,0.68987361,29,6,"['STATEFP', 'NPP_g_m-2_1m_lag', 'month', 'months_from_start', 'popuDensity_ALAND_km2', 'GEOID']"
46.30905771,0.585113497,1.351654458,0.030352865,0.1,0,7,8,140,"{'max_samples': 0.1, 'min_impurity_decrease': 0, 'min_samples_leaf': 7, 'min_samples_split': 8, 'n_estimators': 140}",-27.65554094,6.135215668,29,-0.084369263,0.000648068,29,-0.36826486,0.00240907,29,-0.641622417,0.025677546,29,0.682823085,0.007551028,29,0.682816349,0.007549826,29,0.68987361,29,6,"['STATEFP', 'NPP_g_m-2_1m_lag', 'month', 'months_from_start', 'popuDensity_ALAND_km2', 'GEOID']"
46.88922496,0.258806325,1.351501679,0.037641255,0.1,0,7,2,140,"{'max_samples': 0.1, 'min_impurity_decrease': 0, 'min_samples_leaf': 7, 'min_samples_split': 2, 'n_estimators': 140}",-27.65554094,6.135215668,29,-0.084369263,0.000648068,29,-0.36826486,0.00240907,29,-0.641622417,0.025677546,29,0.682823085,0.007551028,29,0.682816349,0.007549826,29,0.68987361,29,6,"['STATEFP', 'NPP_g_m-2_1m_lag', 'month', 'months_from_start', 'popuDensity_ALAND_km2', 'GEOID']"
50.12177694,0.536495812,1.416960192,0.06446257,0.1,0,7,4,140,"{'max_samples': 0.1, 'min_impurity_decrease': 0, 'min_samples_leaf': 7, 'min_samples_split': 4, 'n_estimators': 140}",-27.65554094,6.135215668,29,-0.084369263,0.000648068,29,-0.36826486,0.00240907,29,-0.641622417,0.025677546,29,0.682823085,0.007551028,29,0.682816349,0.007549826,29,0.68987361,29,6,"['STATEFP', 'NPP_g_m-2_1m_lag', 'month', 'months_from_start', 'popuDensity_ALAND_km2', 'GEOID']"
